{"primary":{"blue":"#2481FF","black":"#2B2E30","blue_100":"#2481FF","blue_10":"#e9f2ff","blue_20":"#d3e6ff","blue_30":"#bdd9ff","blue_40":"#a7cdff","blue_50":"#92c0ff","blue_60":"#7cb3ff","blue_70":"#66a7ff","blue_80":"#509aff","blue_90":"#3a8eff","blue_110":"#2074e6","blue_120":"#1d67cc","blue_130":"#195ab3","blue_140":"#164d99","black_100":"#2B2E30","black_10":"#eaeaea","black_20":"#d5d5d6","black_30":"#bfc0c1","black_40":"#aaabac","black_50":"#959798","black_60":"#808283","black_70":"#6b6d6e","black_80":"#555859","black_90":"#404345","black_110":"#27292b","black_120":"#222526","black_130":"#1e2022","black_140":"#1a1c1d"},"secondary":{"green":"#7FCD19","yellow":"#F9C200","red":"#F83413","green_100":"#7FCD19","green_10":"#f2fae8","green_20":"#e5f5d1","green_30":"#d9f0ba","green_40":"#cceba3","green_50":"#bfe68c","green_60":"#b2e175","green_70":"#a5dc5e","green_80":"#99d747","green_90":"#8cd230","green_110":"#72b917","green_120":"#66a414","green_130":"#599012","green_140":"#4c7b0f","yellow_100":"#F9C200","yellow_10":"#fef9e6","yellow_20":"#fef3cc","yellow_30":"#fdedb3","yellow_40":"#fde799","yellow_50":"#fce180","yellow_60":"#fbda66","yellow_70":"#fbd44d","yellow_80":"#face33","yellow_90":"#fac819","yellow_110":"#e0af00","yellow_120":"#c79b00","yellow_130":"#ae8800","yellow_140":"#957400","red_100":"#F83413","red_10":"#feebe7","red_20":"#fed6d0","red_30":"#fdc2b8","red_40":"#fcaea1","red_50":"#fc9a89","red_60":"#fb8571","red_70":"#fa715a","red_80":"#f95d42","red_90":"#f9482b","red_110":"#df2f11","red_120":"#c62a0f","red_130":"#ae240d","red_140":"#951f0b"},"tertiary":{"green":"#25A100","blue":"#2AABFF","orange":"#F66700","magenta":"#E0368A","purple":"#8F10A2","teal":"#39B3B7","yellow":"#FFE900","green_100":"#25A100","green_10":"#e9f6e6","green_20":"#d3eccc","green_30":"#bee3b3","green_40":"#a8d999","green_50":"#92d080","green_60":"#7cc766","green_70":"#66bd4d","green_80":"#51b433","green_90":"#3baa19","green_110":"#219100","green_120":"#1e8100","green_130":"#1a7100","green_140":"#166100","blue_100":"#2AABFF","blue_10":"#eaf7ff","blue_20":"#d4eeff","blue_30":"#bfe6ff","blue_40":"#aaddff","blue_50":"#95d5ff","blue_60":"#7fcdff","blue_70":"#6ac4ff","blue_80":"#55bcff","blue_90":"#3fb3ff","blue_110":"#269ae6","blue_120":"#2289cc","blue_130":"#1d78b3","blue_140":"#196799","orange_100":"#F66700","orange_10":"#fef0e6","orange_20":"#fde1cc","orange_30":"#fcd1b3","orange_40":"#fbc299","orange_50":"#fbb380","orange_60":"#faa466","orange_70":"#f9954d","orange_80":"#f88533","orange_90":"#f77619","orange_110":"#dd5d00","orange_120":"#c55200","orange_130":"#ac4800","orange_140":"#943e00","magenta_100":"#E0368A","magenta_10":"#fcebf3","magenta_20":"#f9d7e8","magenta_30":"#f6c3dc","magenta_40":"#f3afd0","magenta_50":"#f09bc5","magenta_60":"#ec86b9","magenta_70":"#e972ad","magenta_80":"#e65ea1","magenta_90":"#e34a96","magenta_110":"#ca317c","magenta_120":"#b32b6e","magenta_130":"#9d2661","magenta_140":"#862053","purple_100":"#8F10A2","purple_10":"#f4e7f6","purple_20":"#e9cfec","purple_30":"#ddb7e3","purple_40":"#d29fda","purple_50":"#c788d1","purple_60":"#bc70c7","purple_70":"#b158be","purple_80":"#a540b5","purple_90":"#9a28ab","purple_110":"#810e92","purple_120":"#720d82","purple_130":"#640b71","purple_140":"#560a61","teal_100":"#39B3B7","teal_10":"#ebf7f8","teal_20":"#d7f0f1","teal_30":"#c4e8e9","teal_40":"#b0e1e2","teal_50":"#9cd9db","teal_60":"#88d1d4","teal_70":"#74cacd","teal_80":"#61c2c5","teal_90":"#4dbbbe","teal_110":"#33a1a5","teal_120":"#2e8f92","teal_130":"#287d80","teal_140":"#226b6e","yellow_100":"#FFE900","yellow_10":"#fffde6","yellow_20":"#fffbcc","yellow_30":"#fff8b3","yellow_40":"#fff699","yellow_50":"#fff480","yellow_60":"#fff266","yellow_70":"#fff04d","yellow_80":"#ffed33","yellow_90":"#ffeb19","yellow_110":"#e6d200","yellow_120":"#ccba00","yellow_130":"#b3a300","yellow_140":"#998c00"},"quaternary":{"lime":"#AED035","red":"#E1413D","orange":"#FF9C24","magenta":"#B02779","mint":"#7FC97F","blue":"#3688EC","yellow":"#F5C400","purple":"#AB70EB","lime_100":"#AED035","lime_10":"#f7faeb","lime_20":"#eff6d7","lime_30":"#e7f1c2","lime_40":"#dfecae","lime_50":"#d7e89a","lime_60":"#cee386","lime_70":"#c6de72","lime_80":"#bed95d","lime_90":"#b6d549","lime_110":"#9dbb30","lime_120":"#8ba62a","lime_130":"#7a9225","lime_140":"#687d20","red_100":"#E1413D","red_10":"#fcecec","red_20":"#f9d9d8","red_30":"#f6c6c5","red_40":"#f3b3b1","red_50":"#f0a09e","red_60":"#ed8d8b","red_70":"#ea7a77","red_80":"#e76764","red_90":"#e45450","red_110":"#cb3b37","red_120":"#b43431","red_130":"#9e2e2b","red_140":"#872725","orange_100":"#FF9C24","orange_10":"#fff5e9","orange_20":"#ffebd3","orange_30":"#ffe1bd","orange_40":"#ffd7a7","orange_50":"#ffce92","orange_60":"#ffc47c","orange_70":"#ffba66","orange_80":"#ffb050","orange_90":"#ffa63a","orange_110":"#e68c20","orange_120":"#cc7d1d","orange_130":"#b36d19","orange_140":"#995e16","magenta_100":"#B02779","magenta_10":"#f7e9f2","magenta_20":"#efd4e4","magenta_30":"#e7bed7","magenta_40":"#dfa9c9","magenta_50":"#d893bc","magenta_60":"#d07daf","magenta_70":"#c868a1","magenta_80":"#c05294","magenta_90":"#b83d86","magenta_110":"#9e236d","magenta_120":"#8d1f61","magenta_130":"#7b1b55","magenta_140":"#6a1749","mint_100":"#7FC97F","mint_10":"#f2faf2","mint_20":"#e5f4e5","mint_30":"#d9efd9","mint_40":"#cce9cc","mint_50":"#bfe4bf","mint_60":"#b2dfb2","mint_70":"#a5d9a5","mint_80":"#99d499","mint_90":"#8cce8c","mint_110":"#72b572","mint_120":"#66a166","mint_130":"#598d59","mint_140":"#4c794c","blue_100":"#3688EC","blue_10":"#ebf3fd","blue_20":"#d7e7fb","blue_30":"#c3dbf9","blue_40":"#afcff7","blue_50":"#9bc4f6","blue_60":"#86b8f4","blue_70":"#72acf2","blue_80":"#5ea0f0","blue_90":"#4a94ee","blue_110":"#317ad4","blue_120":"#2b6dbd","blue_130":"#265fa5","blue_140":"#20528e","yellow_100":"#F5C400","yellow_10":"#fef9e6","yellow_20":"#fdf3cc","yellow_30":"#fcedb3","yellow_40":"#fbe799","yellow_50":"#fae280","yellow_60":"#f9dc66","yellow_70":"#f8d64d","yellow_80":"#f7d033","yellow_90":"#f6ca19","yellow_110":"#ddb000","yellow_120":"#c49d00","yellow_130":"#ac8900","yellow_140":"#937600","purple_100":"#AB70EB","purple_10":"#f7f1fd","purple_20":"#eee2fb","purple_30":"#e6d4f9","purple_40":"#ddc6f7","purple_50":"#d5b8f5","purple_60":"#cda9f3","purple_70":"#c49bf1","purple_80":"#bc8def","purple_90":"#b37eed","purple_110":"#9a65d4","purple_120":"#895abc","purple_130":"#784ea5","purple_140":"#67438d"}}